{
  "domain": "wifi_csi",
  "h0": 4.314019,
  "h2": 2.127251,
  "h3": 2.053021,
  "structure_score": 0.524105,
  "sequential_score": 0.524097,
  "shuffled_structure_score": 0.000364,
  "per_subcarrier_structure": {
    "mean": 0.40223325282387795,
    "min": 0.32244392377293885,
    "max": 0.4971663804366441,
    "per_subcarrier": [
      0.4813,
      0.4841,
      0.4861,
      0.49,
      0.4898,
      0.4892,
      0.4972,
      0.4934,
      0.4906,
      0.4816,
      0.4726,
      0.4548,
      0.427,
      0.4087,
      0.4055,
      0.3868,
      0.3741,
      0.3426,
      0.3261,
      0.3294,
      0.3224,
      0.3308,
      0.3274,
      0.3321,
      0.3233,
      0.3408,
      0.3409,
      0.3391,
      0.375,
      0.3499,
      0.3552,
      0.3614,
      0.3641,
      0.3775,
      0.3746,
      0.3738,
      0.3743,
      0.3638,
      0.3704,
      0.3735,
      0.3748,
      0.3817,
      0.3851,
      0.3881,
      0.3998,
      0.3997,
      0.3943,
      0.3898,
      0.3953,
      0.3899,
      0.4122,
      0.4301,
      0.4598,
      0.4784,
      0.4795,
      0.4852
    ]
  },
  "mi_profile": {
    "1": 2.186768,
    "2": 1.952308,
    "5": 1.731931,
    "10": 1.517018,
    "50": 1.089355,
    "100": 0.8375,
    "500": 0.53547
  },
  "n_chars": 1000000,
  "alphabet_size": 20,
  "data_source": "GeoTecINIT/stability-csi-har (GitHub) \u2014 'Temporal Stability on Human Activity Recognition based on Wi-Fi CSI'. D1-D4 labelled datasets, 32 recording files across 4 environments. Shape per file: (n_windows, 56 subcarriers, 50 timesteps). 6 activity types: sit, stand, walk, pick up, wave, jump.",
  "encoding_notes": "Per-subcarrier encoding: each of 56 subcarriers treated as independent time series. Global quantile bins (20 equal-occupancy) computed across all windows and subcarriers combined. Windows concatenated within each recording+subcarrier pair; sequences then pooled (no cross-subcarrier joins). Stream truncated to 1,000,000 chars. Canonical measure is per-subcarrier mean structure score (analogous to bioreactor per-channel). Pooled stream score also reported."
}